"SMILES","ALDH1_inhibition"
"[NH3+]CCSSCC[NH3+]",0
"[NH3+]CCC[NH2+]CCCC[NH2+]CCC[NH3+]",0
"[NH3+]CCCCCCCCCC[NH3+]",0
"[NH3+]CCSSCC[NH3+]",0
"ClCC[NH+](CCCl)CCCl",0
"[NH3+]CCSSCC[NH3+]",0
"ClC(Cl)(Cl)Cl",0
"ClC(Cl)(Cl)C(Cl)(Cl)Cl",0
"ClC(Cl)C(Cl)Cl",0
"ClCCOCOCCCl",0
"ClC(Cl)(Cl)Cl",0
"ClCCOP(OCCCl)OCCCl",0
"[NH3+]CCC[NH2+]CCCC[NH2+]CCC[NH3+]",0
"Fc1ccc(NCc2nnc(SCc3nnc(-c4ccccc4)o3)n2Cc2ccccc2)cc1",0
"N#Cc1nc(COc2cccc(Cl)c2)oc1NCc1ccco1",0
"N#Cc1nc(COc2ccc(-c3ccccc3)cc2)oc1NCc1cccnc1",0
"c1ccc2c(-c3nnc(SCc4cn5ccccc5[nH+]4)o3)c[nH]c2c1",0
"N#Cc1nc(COc2cccc(Cl)c2)oc1NCc1ccncc1",0
"Fc1cccc(Cl)c1Cn1nnc2c(-n3ccnc3)ncnc21",0
"N#Cc1cccc(-c2cncnc2NCCc2cnc[nH]2)c1",0
"N#Cc1cccc(-c2nc(NCc3cccs3)c3ccccc3n2)c1",0
"Clc1ccc(OCCCc2nc(-c3cccnc3)no2)c(Cl)c1",0
"N#Cc1cc(Oc2cccc3cccnc23)c(-n2nnc3ccccc32)cc1C#N",0
"Clc1cccc(-c2nc(NCc3cccnc3)c3ccccc3n2)c1",0
"Clc1cccc(Cl)c1Cn1cnc2c(NCc3ccco3)ncnc21",0
"Clc1ccc(Cn2ncc3c(NCc4cccnc4)ncnc32)cc1",0
"Nc1nonc1-c1noc(CCCOc2ccc(Cl)cc2Cl)n1",0
"N#Cc1cccc(-c2cncnc2NCc2cccs2)c1",0
"c1ccc(-c2cnnc(SCc3cn4cccnc4[nH+]3)n2)cc1",0
"N#Cc1nc(Cc2cccc3ccccc23)oc1NCc1ccc(F)cc1",0
"[NH3+][C@@H](Cc1c[nH]c2ccccc12)c1nnc(SCc2ccc(F)cc2)o1",0
"[NH3+][C@@H](Cc1c[nH]c2ccccc12)c1nnc(SCc2ccccc2F)o1",0
"FC(F)(F)c1cnc(C(c2ccccn2)c2nc[nH]n2)c(Cl)c1",0
"Fc1ccccc1CSc1nncn1NCc1cccs1",0
"N#Cc1cccc(-c2nccc(NCc3cccs3)n2)c1",0
"c1cncc(CNc2nc(-c3ccoc3)nc3ccccc23)c1",0
"FC(F)(F)c1ccccc1-c1cncnc1NCCc1cnc[nH]1",0
"c1ccc(-c2nnc(SCc3cn4ccsc4[nH+]3)o2)cc1",0
"FC(F)(F)COc1ccc(-c2nnc(SCc3ccccc3)o2)cn1",0
"c1cncc(-c2nc(NCc3cccs3)c3ccccc3n2)c1",0
"Nc1nccc(-c2cccc(OCc3c(F)cccc3Cl)c2)n1",0
"Fc1cccc(Cl)c1CSc1nnc(CNc2ccccc2)o1",0
"Clc1ccc(-c2nnc(COc3ncnc4sccc34)o2)cc1",0
"c1ccc2[nH]c(SCc3cn4cccnc4[nH+]3)nc2c1",0
"FC(F)(F)c1cnc(-c2cnc3c(-c4ccc(Cl)cc4)cnn3c2)c(Cl)c1",0
"FC(F)(F)c1cc(NCc2cccs2)n2ncnc2n1",0
"Clc1cccc(NCc2nnc(SCc3ccccc3Cl)o2)c1",0
"c1ccc(-c2nc(NCc3ccco3)c3oc4ccccc4c3n2)cc1",0
"FC(F)(F)c1cccc(NCc2cn3cccnc3[nH+]2)c1",0
"c1cncc(-c2nc(NCc3cccs3)c3ccccc3n2)c1",0
"c1ccc2oc(SCc3cn4ccsc4[nH+]3)nc2c1",0
"Clc1ccc2[nH+]c(CSc3nc4ccccc4o3)cn2c1",0
"Nc1nc(CSc2nc[nH]n2)nc(Nc2ccc(F)cc2)n1",0
"Fc1ccc(-c2nnc(CSc3nnc4ccccn34)o2)cc1",0
"Nc1nc(CSc2nc3ccccc3s2)nc(Nc2ccccc2)n1",0
"Clc1ccc(-c2nnc(SCc3nc4ccccc4s3)o2)cc1",0
"N#CC(Cc1ccccc1OC(F)F)c1nc2ccccc2[nH]1",0
"N#CC(Cc1ccc(OC(F)F)cc1)c1nc2ccccc2[nH]1",0
"Fc1ccc(-c2nnc(CSc3nnc(-c4cccs4)o3)o2)cc1",0
"Clc1ccc(-c2nnc(CSc3nnc(-c4cccs4)o3)o2)cc1",0
"Nn1c(SCc2cccc(Oc3ccccc3)c2)nnc1C(F)(F)F",0
"Clc1ccc(CSc2nnc(-c3c[nH]c4ccccc34)o2)cc1",0
"Fc1ccc(C(CCCn2nnc(-c3cccnc3)n2)c2ccc(F)cc2)cc1",0
"Clc1ccc(-c2nnc(SCc3nc(-c4ccccc4)no3)o2)cc1",0
"FC(F)(F)c1cc(-c2ccco2)nc(-n2cnc3ccccc32)n1",0
"FC(F)(F)c1ccccc1-c1cc(NCc2cccs2)ncn1",0
"N#Cc1cccc(-c2nc(Nc3ccncc3)c3ccccc3n2)c1",0
"c1csc(CNc2nc(-c3ccoc3)nc3ccccc23)c1",0
"FC(F)(F)c1ccccc1-c1cc(NCc2cccnc2)ncn1",0
"c1ccn2c(SCc3cn4ccsc4[nH+]3)nnc2c1",0
"c1ccn2c(CNc3ncnc4sccc34)nnc2c1",0
"FC(F)(F)c1cnc(C(c2ccccc2)c2nc[nH]n2)c(Cl)c1",0
"Nc1nccc(-c2ccc(OCc3c(F)cccc3Cl)cc2)n1",0
"N#Cc1cccc(Oc2ccc(-c3cnc4ccccc4n3)cc2)c1C#N",0
"Nc1[nH]cnc2nc(SCc3ccc(Cl)cc3Cl)nc1-2",0
"Clc1ccc(Cn2ncc3c(NCc4ccccc4)ncnc32)cc1",0
"c1ccc2c(CCNc3[nH]cnc4ncnc3-4)c[nH]c2c1",0
"FC(F)(F)c1cccc(OCCOCCn2cncn2)c1",0
"N#Cc1cccc(-c2cncnc2NCc2ccccc2)c1",0
"Clc1ccccc1-c1cncnc1NCCc1cnc[nH]1",0
"N#Cc1nc(Cc2ccccc2)oc1NCc1cccnc1",0
"Clc1cccc(NCc2nnc(SCc3ccccc3)o2)c1",0
"N#Cc1ccc(CSc2nnc(-c3cccnc3)o2)cc1",0
"c1ccc2[nH]c(SCc3cn4ccccc4[nH+]3)nc2c1",0
"Nn1c(Cc2cccc3ccccc23)nnc1SCc1ccccc1Cl",0
"Fc1ccc(CNc2nc3ccccc3n3nnnc23)cc1",0
"Fc1ccc(CNc2nc3ccccc3n3cnnc23)cc1",0
"c1ccc(COc2ccc(Nc3[nH]cnc4ncnc3-4)cc2)cc1",0
"c1ccc(CNc2nc3ccccc3n3cnnc23)nc1",0
"c1cncc(-c2nnc(SCc3cccc4ccccc34)o2)c1",0
"Nc1nnnn1NCc1cccc(OCc2ccccc2)c1",0
"Nc1nnc(SCc2coc(-c3ccc(Cl)cc3)n2)s1",0
"Clc1ccc(-c2nnc(SCc3ccon3)o2)c(Cl)c1",0
"N#Cc1cccc(-c2nccc(NCc3ccccc3)n2)c1",0
"Clc1ccccc1CN(Cc1ccccc1)c1[nH]cnc2ncnc1-2",0
"N#Cc1ccc(CSc2nnc(-c3cnccn3)o2)cc1",0
"Clc1ccc(CSc2n[nH]c3c4ccccc4nc-3n2)cc1",0
"Clc1ccc2[nH+]c(CSc3nc[nH]n3)cn2c1",0
"c1ccc2nc(SCc3cn4ccccc4[nH+]3)cnc2c1",0
"Fc1ccc(C(Nc2ccccn2)c2c[nH]c3ccccc23)cc1",0
"Fc1ccc(-c2cnn3c(-c4cccs4)ccnc23)cc1",0
"N#CC(c1ccccn1)c1ncc(C(F)(F)F)cc1Cl",0
"Fc1ccc(-c2cc(C(F)(F)F)nc(-n3cc(Cl)cn3)n2)cc1",0
"Nc1cccc(-c2cn3cc(C(F)(F)F)cc(Cl)c3[nH+]2)c1",0
"N#CC(c1cccc(Cl)c1)c1ncc(C(F)(F)F)cc1Cl",0
"[NH3+]CCCCCc1nnc(SCc2ccc(Cl)c(Cl)c2)o1",0
"N#Cc1cc(Oc2ccccc2)c(-n2nnc3ccccc32)cc1C#N",0
"c1ccc(-c2cc(CSc3nc4ccccc4[nH]3)on2)cc1",0
"Nc1ncnc2c1ncn2CC[NH2+]CCc1ccccc1",0
"N#Cc1cccc(-c2cncnc2-n2ccnc2)c1",0
"N#Cc1cccc(-c2cc(-n3ccnc3)ncn2)c1",0
"Clc1ccccc1-c1cncnc1NCc1cccs1",0
"Clc1ccc(-c2nnn(Cc3nc4ccccc4s3)n2)cc1",0
"c1ccc(Cn2c(NCc3ccco3)nc3ccccc32)cc1",0
"[NH3+]CCCCCc1nnc(SCc2ccccc2Cl)o1",0
"c1coc(CNc2ncnc3c2oc2ccccc23)c1",0
"Fc1ccc(-c2nnn(Cc3nc4ccccc4s3)n2)cc1",0
"Fc1ccc(-c2nc(-c3cnccn3)no2)c(Cl)c1",0
"c1coc(CNc2[nH]cnc3nncc2-3)c1",0
"Fc1cccc(Cl)c1CSc1nnc2ccccn12",0
"Fc1ccc(CSc2nnc3ccccn23)c(Cl)c1",0
"N#CCc1ccc(Oc2ncc(C(F)(F)F)cc2Cl)cc1",0
"Fc1ccccc1CSc1nnc(-c2cccnc2)o1",0
"Fc1ccc(OCc2nc(-c3cccs3)no2)cc1",0
"N#CCSc1ccc(-c2nc3ccccc3[nH]2)cn1",0
"Fc1ccc(-c2nnc(SCc3cccnc3)o2)cc1",0
"Fc1ccc(CSc2nnc(-c3cccnc3)o2)cc1",0
"N#Cc1ccccc1CSc1nnc(Cc2ccccc2)o1",0
"c1ccc(Cn2c(NCc3ccccn3)nc3ccccc32)cc1",0
"FC(F)(F)c1cc(-c2ccccc2)nc(-n2cc(Cl)cn2)n1",0
"Nn1c(Cc2cccc3ccccc23)nnc1SCc1ccccc1",0
"c1ccc(NCc2nc3ccccc3n2CCOc2ccccc2)cc1",0
"c1ccc(CNc2ncnc3c2oc2ccccc23)nc1",0
"N#CCSc1nccc(-c2cc(Cl)sc2Cl)n1",0
"N#Cc1cn(CCOc2ccc(F)cc2)c2ccccc12",0
"Clc1ccc(CSc2nnc(-c3cccnc3)o2)cc1",0
"Fc1ccc(CSc2nncn2NCc2ccccc2)cc1",0
"c1ccc(-c2cc(-c3nc(-c4cccnc4)no3)c3ccccc3n2)cc1",0
"c1ccc(COc2ccc(OCCOCCn3cncn3)cc2)cc1",0
"c1ccc(OCCCc2nc(-c3cccnc3)no2)cc1",0
"Nc1nc(CSc2ccccn2)nc(Nc2ccccc2)n1",0
"c1ccc(-c2nnc(CSc3nc4ccccc4[nH]3)o2)cc1",0
"c1ccc(CCNc2nc3ccccc3n3nnnc23)cc1",0
"FC(F)(F)c1cc(-c2ccco2)nc(NCc2ccco2)n1",0
"Clc1ccccc1-c1cc(NCc2cccnc2)ncn1",0
"c1ccc2c(Nc3ccncc3)nc(-c3ccoc3)nc2c1",0
"c1ccn2cc(CSc3nnc4ccccn34)[nH+]c2c1",0
"c1ccc(CSc2nnc(-c3c[nH]c4ccccc34)o2)cc1",0
"Clc1ccc(CSc2nncn2-c2ccccn2)cc1",0
"c1ccc(CCNc2ncnc3c2nnn3Cc2ccccc2)cc1",0
"Fc1ccccc1CSc1nnc(-c2cccs2)o1",0
"Fc1ccccc1-c1nc(-c2cnccc2C(F)(F)F)no1",0
"c1ccc(CCNc2ncnc3sccc23)nc1",0
"N#Cc1ncc(C(F)(F)F)cc1Oc1cccnc1",0
"FC(F)(F)c1cnc(-c2cnc(-c3cccnc3)nc2)c(Cl)c1",0
"c1ccc2c(CSc3[nH]cnc4ncnc3-4)cccc2c1",0
"Clc1ccc(COc2cccc(C[NH2+]Cc3ccncc3)c2)cc1",0
"Clc1ccc(Nc2nc3ccccc3n3nnnc23)cc1",0
"Clc1ccc(SCc2cn3cccnc3[nH+]2)cc1",0
"Clc1ccc(-c2noc(CCCOc3ccccc3)n2)cc1",0
"Nc1ccccc1SCc1cn2cccnc2[nH+]1",0
"FC(F)Sc1ccc(Nc2[nH]cnc3ncnc2-3)cc1",0
"c1ccc(-c2noc(CSc3nc4ccccc4o3)n2)cc1",0
"Fc1ccc(-c2cc(C(F)(F)F)nc(-n3cncn3)n2)cc1",0
"Fc1ccc(Nc2ccnc(-c3ccccc3C(F)(F)F)n2)cc1",0
"FC(F)(F)c1ccccc1-c1nccc(NCc2ccccc2)n1",0
"Fc1ccc(Nc2nc(-c3cccnc3)nc3ccccc23)cc1",0
"Fc1ccc(CSc2nnc(-c3cccs3)o2)cc1",0
"Nc1ncnc(SCc2c(F)cccc2Cl)n1",0
"c1cncc(CNc2ncnc3sccc23)c1",0
"N#Cc1ccc(CSc2nnc3ccccn23)cc1",0
"Nc1nn(-c2cccc(F)n2)cc1-c1ccc(Cl)cc1",0
"FCCCOc1ccc(-c2ccnc3ncnn23)cc1",0
"Nc1ncc(-n2cncn2)c(-c2ccc(Cl)cc2)n1",0
"c1ccc(C2=N[NH+]=C(c3ccco3)Nc3ccccc32)cc1",0
"c1ccc(-c2nnc(OCc3cccnc3)c3ccccc23)cc1",0
"Fc1cccc(Cl)c1CNn1cnnc1[S-]",0
"Nc1nnc(SCc2nnc(-c3ccccc3)o2)s1",0
"Fc1ccc(COc2cccc(C[NH2+]Cc3ccncc3)c2)cc1",0
"Clc1ccc(CSc2nnc3ccccn23)c(Cl)c1",0
"c1ccc(COc2cccc(C[NH2+]Cc3cccs3)c2)cc1",0
"N#CC(c1ccc(Cl)cc1)c1ncc(C(F)(F)F)cc1Cl",0
"Clc1ccc(Cc2nc(-c3cccnc3)no2)cc1",0
"Fc1ccccc1Nc1nc2ccccc2n2nnnc12",0
"FC(F)(F)c1cnc2c(-c3cccnc3)noc2c1",0
"Nc1nc(CSc2ncccn2)nc(Nc2ccccc2)n1",0
"c1csc(-c2nnc(Cc3cccc4ccccc34)o2)c1",0
"c1coc(CNc2ncnc3nc[nH]c23)c1",0
"Nc1nc2ccccc2n1CCOc1ccccc1Cl",0
"Clc1ccccc1CNc1[nH]cnc2ncnc1-2",0
"c1csc(CNc2[nH]cnc3ncnc2-3)c1",0
"Clc1ccc(CCNc2[nH]cnc3ncnc2-3)cc1",0
"c1coc(CNc2[nH]cnc3ncnc2-3)c1",0
"c1ccc(Oc2cccc(OCCCn3cncn3)c2)cc1",0
"Nc1nnc(COc2cccc(C(F)(F)F)c2)s1",0
"FC(F)(F)c1cc(-c2ccccc2)nc(-n2cncn2)n1",0
"FC(F)(F)c1ccccc1-c1cncnc1-n1ccnc1",0
"FC(F)(F)c1ccccc1-c1cc(NCc2ccccc2)ncn1",0
"Clc1ccc(OCc2n[nH]c(-c3ccccn3)n2)cc1",0
"C#CCSc1nc(-c2ccco2)n[nH]1",0
"c1coc(CNc2ncnc3[nH]cnc23)c1",0
"N#CCCN(CC#Cc1ccccc1)OCc1ccccc1",0
"c1coc(CNc2ncnc3[nH]cnc23)c1",0
"Nc1nnc(SCc2c(F)cccc2Cl)s1",0
"C#CCSc1n[nH]c(-c2ccco2)n1",0
"N#CC(Sc1ccccn1)c1ccc(Cl)cc1Cl",0
"N#CCSc1nc2ccccc2c2nc3ccccc3n12",0
"FCCCOc1ccc(-c2nccc(-c3ccc(Cl)cc3)n2)cc1",0
"Fc1ccc(-c2cn3cc(C(F)(F)F)cc(Cl)c3[nH+]2)cc1",0
"Clc1ccc(-c2nnc(CCc3ccccc3)o2)c(Cl)c1",0
"N#Cc1ccc(-c2ccc(F)cc2)nc1Oc1ccccc1",0
"Clc1ccc(Nc2ccc(-n3ccnc3)nn2)cc1Cl",0
"Nc1ncnc2nc(-c3ccccc3)cc(-c3ccc(F)cc3)c12",0
"c1ccc(OCc2nc(-c3cccs3)no2)cc1",0
"N#Cc1cn(CCCOc2ccccc2)c2ccccc12",0
"c1ccc(CSc2nnc(-c3cccnc3)o2)cc1",0
"c1ccc(CSc2n[nH]c(-c3ccco3)n2)cc1",0
"c1ccc(C(Cc2nc(-c3cccnc3)no2)c2ccccc2)cc1",0
"c1ccc(CNc2[nH]cnc3ncnc2-3)nc1",0
"Clc1ccc(COn2nnc3ccccc32)c(Cl)c1",0
"c1ccc(COc2ccc(OCCCn3cncn3)cc2)cc1",0
"Clc1ccc(Cc2noc(-c3cccs3)n2)cc1",0
"Nc1ncnc2c1ncn2CCOc1ccccc1",0
"Nc1nnc(SCc2ccc(F)cc2Cl)s1",0
"Nn1c(COc2ccccc2)nnc1SC(F)F",0
"c1ccc(CNc2ccnc(-c3cccnc3)n2)cc1",0
"c1ccc(CNc2ccnc(-c3ccoc3)n2)cc1",0
"[NH3+]CCc1nnc(SCc2ccccc2F)o1",0
"Nc1[nH]cnc2nc(SCc3ccccc3)nc1-2",0
"Clc1cccc(Cl)c1Cn1nnc(-c2cccs2)n1",0
"c1nc(NCCc2c[nH]cn2)c2nc[nH]c2n1",0
"Fc1ccc(C(OCCCc2c[nH]cn2)c2ccc(F)cc2)cc1",0
"Nc1nc(OCc2ccccc2)c2nc[nH]c2n1",0
"N#Cc1c(F)cccc1NCc1cccs1",0
"N#Cc1ccc(COn2nnc3ccccc32)cc1",0
"Clc1ccc(SCc2cn3ccccc3[nH+]2)cc1",0
"Clc1ccc2[nH+]c(CSCc3ccccc3)cn2c1",0
"Nc1ncc(-n2cncn2)c(-c2ccccc2)n1",0
"Fc1ccc(OCCOCCOc2cccc3[nH]ccc23)cc1",0
"FC(F)(F)COc1ccc(-n2ccnc2)nn1",0
"Nc1[nH]nc2ncc3cc4ccccc4nc3c12",0
"Nc1nnc(CSCc2ccc(Cl)cc2Cl)s1",0
"N#Cc1ccc(Oc2nc(C#N)cc(-c3ccccc3)n2)cc1",0
"c1ccc(COc2ccc(C[NH2+]Cc3cccs3)cc2)cc1",0
"FCCCOc1ccc(-c2ccnc(-c3ccccc3)n2)cc1",0
"FCCCOc1ccc(-c2nccc(-c3ccc(F)cc3)n2)cc1",0
"FC(F)(F)c1cc(Cl)c2[nH+]c(-c3ccccc3)cn2c1",0
"Nc1ncnc(Nc2cccc(C(F)(F)F)c2)n1",0
"c1ccc(Oc2cccc(OCCCCSc3ncccn3)c2)cc1",0
"Clc1ccc(CCNc2nc3ccccc3s2)cc1",0
"c1ccc2c(c1)nnn2CNc1nccs1",0
"Fc1ccc(CNn2cnnc2SCc2ccc(F)cc2)cc1",0
"N#Cc1nc(Cc2ccccc2)oc1NCc1ccccc1",0
"Nc1nc(SCc2ccc(Cl)cc2Cl)ns1",0
"Clc1ccc(-c2noc(COc3ccccc3)n2)cc1",0
"Fc1cccc(Cl)c1CSc1nc[nH]n1",0
"N#CCCn1nnc(-c2ccccc2F)n1",0
"Fc1ccc(Cc2nnc(-c3cccs3)o2)cc1",0
"c1ccc(Cn2c(Nn3cnnc3)nc3ccccc32)cc1",0
"Nc1nc(Nc2ccc(Cl)cc2Cl)nc(C(F)(F)F)n1",0
"Clc1cccc(OCCn2cncn2)c1Cl",0
"c1ccc(CCc2nc(-c3cccnc3)no2)cc1",0
"Nc1n[nH]c(SCc2ccc(Cl)cc2Cl)n1",0
"c1ccc(COc2ccc(OCCn3cncn3)cc2)cc1",0
"c1ccc(Cc2ccc(OCCn3cncn3)cc2)cc1",0
"c1ccc(CCNc2[nH]cnc3ncnc2-3)cc1",0
"c1ccc(COc2cccc(CNn3cnnc3)c2)cc1",0
"Nc1nc(Nc2cccc(C(F)(F)F)c2)nc(C(F)(F)F)n1",0
"FC(F)(F)c1ccccc1-c1cncnc1Nc1ccccc1",0
"c1cncc(CNc2ccnc(-c3cccnc3)n2)c1",0
"c1ccc2oc(SCc3nc4ccccc4s3)nc2c1",0
"c1ccc(-c2nnc(CSc3nncs3)o2)cc1",0
"c1ccc(CSc2nncn2-c2ccccn2)cc1",0
"c1cncc(-c2nc3cc(Cc4ccc5oc(-c6cccnc6)nc5c4)ccc3o2)c1",0
"c1ccc(CSc2nnc(-c3cccs3)o2)cc1",0
"c1ccc(NCCSc2nc3ccccc3s2)cc1",0
"c1ccc(-c2nc(-c3ccc(-c4ccon4)s3)no2)cc1",0
"Clc1ccc2[nH+]c(CSc3ccccc3)cn2c1",0
"N#Cc1sc(NCc2ccccc2)nc1Cl",0
"Nc1cccnc1-n1nc(C(F)(F)F)cc1C(F)(F)F",0
"c1ccc(Nc2nc3ccccc3n3nnnc23)cc1",0
"Nc1nn(-c2cccc(F)n2)cc1-c1ccccc1",0
"c1ccc(COc2cccc(C[NH2+]Cc3cccnc3)c2)cc1",0
"N#Cc1cccnc1Nc1cccc(Cl)c1",0
"N=c1n(CCc2ccccc2)c2ccccc2n1Cc1ccccc1F",0
"Clc1cccc(Cl)c1CSc1nnc2ccccn12",0
"Fc1ccc(Oc2nccc(-c3ccc(Cl)cc3)n2)cc1",0
"Clc1ccccc1Nc1ncnc(-n2cccc2)n1",0
"c1ccc(Oc2ncnc3oc(-c4ccccc4)cc23)cc1",0
"FC(F)(F)c1ccc(NCc2nnsc2Cl)cc1",0
"Clc1ccc(-c2nc(Cc3ccccc3Cl)no2)cc1",0
"Nc1nnc(CCOc2ccccc2Cl)s1",0
"Clc1ccc2oc(-c3cccnc3)nc2c1",0
"ClCCSc1nnc(-c2cccnc2)o1",0
"Fc1ccc(CSc2nc3ccc[nH]c-3n2)cc1",0
"Fc1ccc(CSc2[nH]cnc3ncnc2-3)cc1",0
"Clc1ccc(Cc2noc(Cc3ccccc3)n2)cc1Cl",0
"Clc1ccccc1-c1nc(-c2cccnc2)no1",0
"c1ccc(-c2ccc(OCCCn3cncn3)cc2)cc1",0
"Fc1ccccc1CSc1nnc(-c2ccccc2)o1",0
"Nn1c(CSc2nc3ccccc3o2)nnc1CSc1nc2ccccc2o1",0
"c1cncc(-c2nccc(-n3ccnc3)n2)c1",0
"N#CCSc1nnc2c(Cl)cc(Cl)cn12",0
"[NH3+]CCc1nnc(SCc2ccc(F)cc2)o1",0
"c1ccc(Oc2nc(NCc3ccco3)nc(NCc3ccco3)n2)cc1",0
"Nc1nnc(Cc2c[nH]c3ccccc23)s1",0
"N#CCCn1c2ccccc2c2nc3ccccc3nc21",0
"c1ccc(NN(Cc2cnccn2)c2ccccc2)cc1",0
"[S-]c1ncnc2sc(Nc3ccccc3)nc12",0
"FC(F)(F)c1ccc(Nc2nnnc3ccccc23)cc1",0
"FC(F)(F)c1c[nH]c2c(-c3ccccc3)nnc-2c1",0
"N#Cc1cnc(NOCc2ccc(Cl)cc2)nc1",0
"Nc1nc(Cl)cc(NCCc2ccccc2)n1",0
"c1ccc(Nc2ccc(-n3ccnc3)nn2)cc1",0
"c1ccc(COc2ccc(C[NH2+]Cc3cccnc3)cc2)cc1",0
"Clc1ccc(Nc2nc3cccnc3s2)cc1",0
"c1ccc(Oc2cc(-n3cncn3)ncn2)cc1",0
"Nc1n[nH]c(SCc2ccc(Cl)c(Cl)c2)n1",0
"N#Cc1cnc2ncnn2c1-c1ccccc1",0
"c1ccc(C(c2ccccc2)c2nc(-c3cccnc3)no2)cc1",0
"Clc1ccc2c(NNc3ccccc3Cl)ccnc2c1",0
"Nc1cc(-c2ccccc2)nn1Cc1ccc(Cl)cc1",0
"Nc1n[nH]c(SCc2ccccc2Cl)n1",0
"Clc1ccc(CSc2nc3cc[nH]cc-3n2)cc1",0
"c1ccc2c(COn3nnc4ccccc43)cccc2c1",0
"c1ccc(CNc2[nH]cnc3ncnc2-3)cc1",0
"Fc1cccc(F)c1CSc1nc2ccccc2[nH]1",0
"Nc1nc(SCc2ccccc2Cl)ns1",0
"c1ccc2c(c1)[nH]c1nc3nncn3nc12",0
"CC[NH+](CC)CC#CC(C)OCOCC#CCOC",0
"FC(F)C(F)(F)C(F)(F)C(F)(F)c1cc(-c2ccccc2)[nH]n1",0
"Nc1ccccc1SCc1cn2ccccc2[nH+]1",0
"c1ccc(Nc2nc3ccccc3n3cnnc23)cc1",0
"Nc1nnc(SCc2cccnc2)s1",0
"Nc1ncnc(Nc2ccccc2C(F)(F)F)n1",0
"c1ccc(COc2ccc(CNn3cnnc3)cc2)cc1",0
"Nc1ccc2oc(CCc3ccccc3)nc2c1",0
"Clc1ccccc1-c1cc(NCc2ccccc2)ncn1",0
"c1ccc(OCCOc2ncnc3sccc23)cc1",0
"Nc1ccc2oc(-c3ccccc3Cl)nc2c1",0
"c1coc(-c2nc3nc4ccccc4n3nc2-c2ccco2)c1",0
"Nc1ccc2oc(-c3cccs3)nc2c1",0
"Nc1ccc2oc(-c3ccccn3)nc2c1",0
"[NH3+]CCSc1nc(-c2ccccc2)c(-c2ccccc2)o1",0
"c1cncc(CNc2ncn[nH]2)c1",0
"c1ccc(-c2nnsc2-c2ncc[nH]2)cc1",0
"c1ccc(CSCc2cn3ccccc3[nH+]2)cc1",0
"Nc1ccc(-c2cn3cccnc3[nH+]2)cc1",0
"[S-]c1nc(Cc2ccc(Cl)cc2)nc2ccccc12",0
"FC(F)c1nnc2c(Cl)cc(C(F)(F)F)cn12",0
"NNc1ccc(Cc2ccc(Cl)cc2Cl)nn1",0
"Nc1ncn(-c2ncc(C(F)(F)F)cc2Cl)n1",0
"Fc1ccc2nc(Nc3ccccc3)sc2c1",0
"c1ccc(C2=N[NH+]=C(c3ccccc3)Nc3cccnc32)cc1",0
"Nc1ncnc(Nc2cccc(Cl)c2Cl)n1",0
"FC(F)(F)c1ccc(Oc2ccccc2Cl)nc1",0
"Fc1ccc(-c2cc(-c3ccccc3)nc(-n3cccn3)n2)cc1",0
"c1cncc(Cc2cc3ccccc3[nH]2)c1",0
"N=c1sccn1Cc1ccc(Cl)cc1Cl",0
"Clc1ccc(Nc2ccc(NCc3ccccc3)nn2)cc1",0
"N#Cc1cc(-c2ccccc2)nc(Oc2ccccc2)n1",0
"Clc1cc(CSc2ccccc2)nc(-c2ccccc2)n1",0
"N#Cc1cc(-c2ccccc2)nnc1Oc1ccccc1",0
"Fc1ccc(CSc2nc3ccccc3[nH]2)cc1",0
"Nc1n[nH]c(SCc2c(Cl)cccc2Cl)n1",0
"Fc1ccc(NCc2cccnc2)cc1F",0
"Clc1cccc(Cl)c1COn1nnc2ccccc21",0
"Clc1ccc(-c2nc(Cc3ccccc3)no2)cc1",0
"FC(F)(F)c1cnc(-n2ccnc2[S-])c(Cl)c1",0
"Nc1nnc(CCOc2ccc(Cl)cc2)s1",0
"c1ccc(CNc2ncnc3[nH]cnc23)cc1",0
"Nc1nnc(SCc2ccccc2Cl)s1",0
"Nc1nonc1-n1nncc1-c1ccccc1",0
"[NH3+]CCc1nnc(SCc2ccccc2)o1",0
"c1ccc(Oc2cc(-n3cccn3)ncn2)cc1",0
"Clc1ccccc1C(Nc1cnccn1)Nc1cnccn1",0
"c1ccc(CN(Cc2ncc[nH]2)c2ccccc2)cc1",0
"Nc1nc2ccc(OC(F)(F)F)cc2s1",0
"Nc1nc2ccc(OC(F)(F)F)cc2s1",0
"FC(F)(F)c1ccc(-c2nnc([S-])o2)nc1",0
"FC(F)(F)c1cccnc1-n1cncn1",0
"N#CC(C#N)c1nc2ccccc2nc1-[n+]1ccccc1",0
"Fc1ccccc1-n1cc(-c2ccccc2)[nH+]c1[S-]",0
"Clc1ncccc1-c1nc2ccccc2s1",0
"FC(F)(F)c1cc(Cl)c2nnc(C(F)(F)Cl)n2c1",0
"Clc1ccc(COn2ccnc2)cc1Cl",0
"Fc1ccccc1-c1nc2ncccc2o1",0
"N#Cc1cccnc1Nc1ccc(Cl)cc1",0
"N#CCc1cc(-c2ccc(Cl)c(Cl)c2)n[nH]1",0
"Clc1ccc(C[NH2+]Cc2cccs2)c(Cl)c1",0
"S=c1sc2ncccc2n1-c1ccccn1",0
"C#CCOc1ccccc1CNc1ccccc1",0
"Clc1ccc(C[NH2+]Cc2cccs2)cc1Cl",0
"Clc1ccc(NNc2ccnc3cc(Cl)ccc23)cc1",0
"Clc1cccc(Oc2cnc3ccccc3n2)c1",0
"c1ccc(NCn2cncn2)nc1",0
"Clc1ccc(OCCCCSc2ncccn2)cc1",0
"Nc1nnc(CSCc2ccc(Cl)cc2)s1",0
"Fc1ccccc1CSc1nc[nH]n1",0
"Nc1nc2ccc(OC(F)(F)F)cc2s1",0
"Nc1nc2ccc(OC(F)(F)F)cc2s1",0
"Nc1nc(SCc2ccc(Cl)cc2)ns1",0
"C(#Cc1ccccc1)Cn1nnc2ccccc21",0
"c1ccc(CNc2ccc3ccccc3n2)nc1",0
"N#Cc1ccccc1CSc1ccccn1",0
"Clc1ccc(SCCn2cncn2)cc1",0
"[S-]c1nc2ccccc2c2nc(-c3ccccc3)nn12",0
"N#Cc1c(N)oc(-c2cccs2)c1-c1cccs1",0
"c1cnc(Oc2ccc3oc4ccccc4c3c2)nc1",0
"Nc1nc2ccc(Oc3ccccc3)cc2s1",0
"N#CCCn1c(Cl)nc2ccccc21",0
"Clc1ccc(COc2ccccn2)c(Cl)c1",0
"Nc1nc2ccc(OC(F)(F)F)cc2s1",0
"Nc1ccc(CCc2nc3ccccc3o2)cc1",0
"c1ccc(C[C@@H](Nc2cccnc2)c2ccccc2)cc1",0
"Clc1ccc(CSCCc2ccncc2)cc1Cl",0
"Nc1ncnc(Nc2ccccc2Cl)n1",0
"Fc1ccc(SCCc2ccccn2)cc1",0
"FC(F)(F)c1cccc(-c2nn[n-]n2)c1",0
"Fc1ccc(Nc2nc3ccccc3s2)cc1",0
"Nc1nc(CCl)nc(Nc2ccccc2)n1",0
"c1ccc(Oc2ncnc3sccc23)cc1",0
"Clc1ccc(-c2c[nH]c3ccccc23)nn1",0
"c1ccc(SCc2cc(-c3ccccc3)no2)cc1",0
"c1ccc(CC(Nc2ccccn2)c2ccccc2)cc1",0
"Clc1ccc(Nc2nc[nH]n2)c(Cl)c1",0
"N#CC(c1ccc(Cl)cc1)c1cccc(Cl)n1",0
"c1coc(-c2ccnc(-n3cccc3)n2)c1",0
"c1ccc(CSc2nc[nH]n2)nc1",0
"[S-]c1nc(SCc2ccccc2)nc2ccccc12",0
"[S-]c1ncnc2sc(-c3ccccc3)cc12",0
"Clc1ncn(CCOc2ccccc2)c1Cl",0
"Fc1ccc(Nc2cccc3nccnc23)cc1",0
"c1ccc(-c2cnc3[nH+]c(-c4ccccc4)cn3n2)cc1",0
"c1ccc(CSc2snnc2-c2ccccc2)cc1",0
"Fc1ccc(NCc2ccccc2F)cc1Cl",0
"FC(F)(F)c1nc(Oc2ccccc2)c2ccccc2n1",0
"Fc1ccccc1CNc1ccc(Cl)c(Cl)c1",0
"N#Cc1c(-c2ccc(F)cc2)noc1N",0
"c1ccc(C(c2c[nH]c3ccccc23)c2c[nH]c3ccccc23)nc1",0
"[S-]c1nccc(-c2cc(Cl)sc2Cl)n1",0
"Nc1nnc(SCc2ccc(Cl)cc2)s1",0
"Clc1ccc(Cn2nnc(-c3ccccc3)n2)cc1",0
"N#Cc1ccc(Oc2cccnc2)cc1C#N",0
"c1ccc(OCCOCCSc2ncccn2)cc1",0
"Nc1nnc(SCc2ccc(F)cc2)s1",0
"Nc1cc(N)nc(SCc2cccnc2)n1",0
"c1ccc(OCc2nc(-c3ccccc3)no2)cc1",0
"c1ccc(CSc2ncnn2Cc2ccccc2)cc1",0
"FC(F)(F)c1ccc(-n2ccnc2)nc1",0
"Nc1nonc1-c1noc(-c2ccccc2)n1",0
"Nc1nnc(CSc2ccc(Cl)cc2)s1",0
"Nc1nonc1OCCc1ccccc1",0
"Nc1[nH+]c(-c2ccc(Cl)cc2Cl)cn1N",0
"c1coc(CNc2nc3nonc3nc2NCc2ccco2)c1",0
"[NH3+]CCSc1nc2ccccc2s1",0
"[NH3+][C@H](Cc1ccccc1)c1nnn[n-]1",0
"Clc1ccc2c(NCCNc3cc[nH+]c4cc(Cl)ccc34)cc[nH+]c2c1",0
"Nc1ncnc(Nc2c(F)cccc2F)n1",0
"c1ccc(Cc2cc[n+](Cc3ccccn3)cc2)cc1",0
"N#Cc1c(-c2ccccc2)cnnc1N",0
"Clc1ccc(Cn2cccn2)cn1",0
"N#CC(c1ccccc1)c1cccc(Cl)n1",0
"c1ccc(OCc2nnc(-c3ccccc3)o2)cc1",0
"Nc1cc(-c2ccccc2)nn1Cc1ccccc1",0
"Nc1nnc(Cc2ccccc2F)s1",0
"Fc1ccc(C[NH2+]Cc2ccccc2C(F)(F)F)cc1",0
"c1ccc(-c2n[nH]c(-c3cccnc3)n2)cc1",0
"c1cncc(-c2nc3ccccc3[nH]2)c1",0
"Fc1cccc(Cl)c1C[NH2+]Cc1ccccc1Cl",0
"N#Cc1c(CCC[NH3+])n[nH]c1N",0
"Clc1ccc(COc2ccccn2)cc1Cl",0
"FC(F)(F)c1cc(-c2cccs2)[nH]n1",0
"Nc1nnc(CCCCc2cccs2)o1",0
"Clc1ccc2oc(-c3ccccc3)nc2c1",0
"Clc1ccc(CSc2nc[nH]n2)cc1",0
"c1ccc(OCc2nc3ccccc3s2)cc1",0
"Nc1nc(SCc2ccccc2)ns1",0
"N#CCCn1ncc2ccccc21",0
"N#CCCn1nnc2ccccc21",0
"c1ccc(-c2nn3nnnc3c3ccccc23)cc1",0
"Nc1ccnn1Cc1cccnc1",0
"c1ccc(CNc2nc3ccccc3[nH]2)cc1",0
"c1ccc(-c2cnn3nnnc3n2)cc1",0
"Nc1nnc(CSCc2ccccc2)s1",0
"Fc1ccc(NCc2cccnc2)cc1",0
"Clc1ccccc1-c1n[nH]c(-c2ccccc2)n1",0
"Fc1cccc(F)c1C(Nc1nncs1)Nc1nncs1",0
"[S-]c1ccc2ccccc2c1C[NH2+]Cc1ccccc1",0
"FC(F)(F)c1ccccc1-n1ccnc1",0
"Nc1nnc(-c2cccc(Cl)c2Cl)c(N)n1",0
"FC(F)(F)c1ccccc1-n1ccnc1",0
"N#Cc1cccnc1Oc1ccccc1",0
"c1ccc(-c2nn3cnnc3c3ccccc23)cc1",0
"Nc1nc(N)c(Cc2ccc(Cl)cc2Cl)c(N)n1",0
"Clc1ncc(CSc2ccccc2)s1",0
"Nc1[nH]nc2nc3ccccc3cc12",0
"Clc1ncc(Cn2cccn2)s1",0
"C#CCSc1ncc(-c2ccccc2)cn1",0
"c1ccc2nc(-c3nccs3)ccc2c1",0
"Fc1ccc(Oc2cnc3ccccc3n2)cc1",0
"Clc1ccccc1C[NH2+]Cc1ccncc1",0
"Clc1ccc(CNc2ccccn2)cc1",0
"Nc1ccc(-c2n[nH]c(-c3ccccc3)n2)cc1",0
"FC(c1nc2ccccc2[nH]1)C(F)(F)F",0
"Nc1cc[nH+]c(Oc2ccc(F)cc2)c1",0
"Nc1ccnn1Cc1cccs1",0
"C1=C(c2ccccc2)Nc2ccccc2N=C1c1ccccc1",0
"NNc1nc2c(Cl)c(Cl)ccc2s1",0
"Nc1ncnc(Nc2ccc(F)cc2)n1",0
"Clc1ccc(Oc2cnc3ccccc3n2)cc1",0
"Clc1ccc(-c2cnc(Oc3ccccc3)nc2)cc1",0
"Nc1n[nH]c(Nc2ccc(Cl)cc2)n1",0
"Clc1ccc(CSCCc2ccncc2)cc1",0
"c1ccc(-c2n[nH]c(-c3ccccn3)n2)cc1",0
"N#Cc1cc(Oc2cccnc2)c(Oc2cccnc2)cc1C#N",0
"c1ccc(CCc2nc(-c3ccccc3)no2)cc1",0
"Nc1nc(-c2ccc(F)cc2)cc(C(F)(F)F)n1",0
"c1coc(C[NH2+]Cc2cccs2)c1",0
"c1ccc(-c2ccn3nnnc3n2)cc1",0
"Nc1nnc2[nH]c3ccccc3nc1-2",0
"Nc1nnc(-c2cccc(Cl)c2Cl)c(N)n1",0
"c1ccc(-c2noc(-c3cccnc3)n2)cc1",0
"Nn1c(Nc2ccccc2)nc2ccccc21",0
"Fc1ccccc1-c1nc(-c2ccccc2)no1",0
"c1ccc2c(CNn3cnnc3)cccc2c1",0
"Nc1nc(-c2ccccc2)cc(C(F)(F)F)n1",0
"N#Cc1cc(N)c(Nc2ccccc2)cc1C#N",0
"Nc1nnc(-c2cccc(Cl)c2Cl)c(N)n1",0
"c1ccc(CCc2cccnc2)nc1",0
"N#Cc1cc(N)ccc1-n1cccc1",0
"Fc1ccccc1-n1cnnc1[S-]",0
"ClCc1ncc(-c2ccc(Cl)cc2)o1",0
"Clc1cccc(NCc2ccccc2)n1",0
"Fc1ccccc1Cc1ccc(Cl)nn1",0
"c1csc(C[NH2+]Cc2ccncc2)c1",0
"Nc1ccc(OCc2ccco2)cc1",0
"Nc1ccn(Cc2ccc(F)cc2)n1",0
"Fc1ccc(Nc2ccc(-c3ccc(F)cc3)nn2)cc1",0
"Clc1ccc(CNc2ccccc2NCc2ccc(Cl)nc2)cn1",0
"c1ccc2c(c1)Nc1nccnc1S2",0
"c1ccc2c(-c3nn[n-]n3)cccc2c1",0
"Fc1ccc(Nc2ccnc(Nc3ccc(F)cc3)n2)cc1",0
"c1cnc2ncc3sccc3c2c1",0
"Clc1ccc(OCc2cnc(Cl)s2)cc1",0
"Clc1ncnc2c1oc1ccccc12",0
"Clc1ccc(Cc2ccc(Cl)nn2)c(Cl)c1",0
"c1ccc(Oc2cc(-c3ccccc3)ncn2)cc1",0
"Fc1ccc(SCCc2ccncc2)cc1",0
"Fc1ccc(SCCc2ccncc2)cc1",0
"Nc1nnc(CC(c2ccccc2)c2ccccc2)s1",0
"[NH3+]CCOc1ccccc1Cc1ccccc1",0
"c1ccc(-c2nc3ccccc3[nH]2)nc1",0
"N#Cc1ccc(C(c2ccc(C#N)cc2)n2cncn2)cc1",0
"c1ccc(COn2nnc3ccccc32)c(COn2nnc3ccccc32)c1",0
"c1ccc(-c2nc(-n3ccnc3)nc(-n3ccnc3)n2)cc1",0
"FC(F)Oc1cccc2cccnc12",0
"N#CCCN(CCC#N)c1nncs1",0
"c1ccc(CSc2nnc(SCc3ccccn3)s2)nc1",0
"C[NH+](C)CC#CCOCCOCCC#N",0
"[S-]c1nnc(-c2cccnc2)o1",0
"c1ccc(-n2nnc3ccccc32)nc1",0
"N=c1c2ccccc2[nH]c(=S)n1N",0
"Clc1cccc(Cl)c1COc1ccccn1",0
"Clc1ccccc1C(Nc1ncccn1)Nc1ncccn1",0
"N1=C(c2nnn[n-]2)NNC(c2nnn[n-]2)=[NH+]1",0
"c1ccc(CCNc2ccccn2)nc1",0
"Nc1n[nH]c(Nc2ccccc2)n1",0
"[NH3+]CCc1nc2ccccc2s1",0
"c1ccc(Nc2nc3ccccc3s2)cc1",0
"Fc1ccc(-c2nc3ccccc3[nH]2)cc1",0
"[S-]c1nc2c(ccc3ccccc32)[nH]1",0
"Clc1nn2cnnc2c2ccccc12",0
"Fc1ccccc1Nc1nc(Cl)nc(Cl)n1",0
"Fc1ccc(Oc2ncccn2)c(F)c1",0
"Nc1cnc(-c2ccccc2)nc1Cl",0
"Clc1ccc(-c2cnc3ccccc3n2)cc1",0
"Clc1cc(Cl)cc(Nc2nc[nH]n2)c1",0
"Clc1ccc(Nc2nc[nH]n2)cc1",0
"Fc1ccccc1CNc1ccc(Cl)cc1",0
"Nc1nc(N)nc(-c2ccc(Oc3ccccc3)cc2)n1",0
"c1ccc(Cc2nc3ccccc3o2)cc1",0
"Nc1[nH+]c(-c2ccc(Cl)cc2)cn1N",0
"c1ccc(NCc2cccnc2)cc1",0
"c1ccc(Cn2nnc(-c3ccccc3)n2)cc1",0
"Nc1nnc(CCc2ccccc2)s1",0
"c1ccc(Cn2ncc3ccccc32)cc1",0
"c1ccc(Cc2nnc(-c3ccccc3)o2)cc1",0
"Clc1ccccc1CSc1ncccn1",0
"N#Cc1ccccc1NCc1ccccc1",0
"Nc1cc(Cl)ccc1Oc1ccccc1",0
"Nc1nnn(Cc2ccccc2)n1",0
"Clc1cccc(Cl)c1COc1ccncc1",0
"[NH3+]CCSCc1ccccc1Cl",0
"c1ccc(CSCCc2ccncc2)cc1",0
"c1ccc(SCCc2ccncc2)cc1",0
"[NH3+]CCc1c[nH]c2ccccc12",0
"[NH3+]CCCCCc1cnc[nH]1",0
"[NH3+]CCc1c[nH]c2ccccc12",0
"Clc1nccc2c1ccc1ccccc12",0
"C#CCCCCCCCCCCCC(O)CC(O)CO",0
"C#CCCCCCCCCCCCC(O)CC(O)CO",0
"Nc1nc2cc(Cl)ccc2o1",0
"[NH3+]CCc1c[nH]c2ccccc12",0
"NNc1nncc2ccccc12",0
"Nc1ccccc1SCc1ccccc1Cl",0
"[S-]c1nccc(-c2ccc(Cl)cc2)n1",0
"c1ccc(Oc2ccc(-c3cc[nH]n3)cc2)cc1",0
"Nc1[nH]nc2cccc(Cl)c12",0
"c1ccc2c(c1)[nH]c1c3ccccc3sc21",0
"Nc1nc2ccc(Cl)cc2s1",0
"Nc1nc(N)nc(COc2ccccc2)n1",0
"Nc1[nH]ncc1-c1ccc(Cl)cc1",0
"Nc1nc(Cl)cc(-c2ccccc2)n1",0
"Nc1ccnn1Cc1ccncc1",0
"Nc1ccn(Cc2ccccc2)n1",0
"c1ccc2nc3cc4[nH]cnc4cc3nc2c1",0
"Clc1cccc(Oc2ncccn2)c1",0
"NNc1nc2c(Cl)ccc(Cl)c2s1",0
"NC1=[NH+]c2ccccc2Oc2ccccc21",0
"c1ccc(CSCCc2ccncc2)cc1",0
"c1ccc(SCCc2ccncc2)cc1",0
"c1ccc(-c2noc(-c3ccccc3-c3ccccc3)n2)cc1",0
"c1ccc2oc(Cc3ccc(Cc4nc5ccccc5o4)cc3)nc2c1",0
"[NH3+]CCc1c[nH]c2ccccc12",0
"Nc1nc2cc(Cl)ccc2o1",0
"Clc1ccc(CSc2ncccn2)cc1",0
"Fc1ccc(-c2nnc(Cc3nnc(-c4ccc(F)cc4)o3)o2)cc1",0
"Nc1cc(N)nc(SCc2ccccc2)n1",0
"N#CCSc1nnc(N)s1",0
"c1csc(-c2nn[n-]n2)c1",0
"c1ccc2c(-n3cccn3)cccc2c1",0
"c1cncc(-c2cc(-c3cc(-c4cccnc4)[nH]n3)n[nH]2)c1",0
"Nc1ncnc2[nH]c(Cl)nc12",0
"c1cc(Cc2cnc[nH]2)ccn1",0
"Clc1ccc(Nc2ccccc2)nn1",0
"Nc1nc(-c2ccccc2)c(-c2ccccc2)o1",0
"S=P(Nn1cnnc1)(c1ccccc1)c1ccccc1",0
"Nc1[nH]ncc1-c1ccc(F)cc1",0
"c1ccc(NCc2ccccn2)cc1",0
"c1ccc(Oc2ccc3ccccc3n2)cc1",0
"c1ccc(C[n+]2cccc(-c3ccccc3)c2)cc1",0
"c1ccc(Oc2cnc3ccccc3n2)cc1",0
"Clc1nc(Cl)nc(Nc2ccccc2Cl)n1",0
"Nc1nnc(-c2ccc(Cl)cc2)s1",0
"Nc1nnc(-c2ccc(F)cc2)s1",0
"Nc1[nH]nc(-c2ccccc2)c1-c1ccccc1",0
"c1ccc2[nH]c3c4ccccc4nc-3nc2c1",0
"c1ccc(Nc2nn[n-]n2)cc1",0
"Clc1n[nH]c(-c2[nH]nnc2Cl)n1",0
"[S-]c1nc2ncccc2o1",0
"Nc1n[nH]c(-c2ccc(F)cc2)n1",0
"Nc1nc(N)c2nc[nH]c2n1",0
"Clc1nc2ncnc-2c[nH]1",0
"Nc1c(Cl)c[nH+]c(C(Cl)(Cl)Cl)c1Cl",0
"Nc1nc(-c2nonc2N)no1",0
"Nc1nc2c(Cl)ccc(Cl)c2s1",0
"Nc1[nH]ncc1-c1ccccc1",0
"Nc1nonc1OCCOCCOCCOc1nonc1N",0
"NNc1nc(-c2ccccc2)cc(-c2ccccc2)n1",0
"c1ccc(-c2nnnc3ccccc23)cc1",0
"[NH3+]Cc1ccccc1COc1ccccc1",0
"Nc1ccc(OCc2ccccc2)cc1",0
"c1csc(-n2nc3ccccc3n2)c1",0
"c1ccc(-c2cc(-c3cc(-c4ccccn4)[nH]n3)n[nH]2)nc1",0
"[NH3+]CCSC(c1ccccc1)c1ccccc1",0
"Nc1ccccc1SCc1ccccc1",0
"Nc1c(Cl)nc(-c2ccccc2)nc1Cl",0
"NNc1nc(Nc2ccccc2)nc(Nc2ccccc2)n1",0
"c1ccc2c(c1)ccc1ncccc12",0
"c1ccc(-c2cc(-c3ccccc3)on2)cc1",0
"Nc1nonc1OCCCCOc1nonc1N",0
"Nc1ccccc1Oc1c(F)c(F)c(Oc2ccccc2N)c(F)c1F",0
"N=c1n(Cc2ccccc2)c2ccccc2n1Cc1ccccc1",0
"C#CC[N+](C)(C)CCCCCCCC",0
"C#CC[N+](C)(C)CCCCCCCCCC",0
"Nc1ccc(C2(c3ccc(N)cc3)c3ccccc3-c3ccccc32)cc1",0
"Clc1nc(Nc2ccccc2)nc(Nc2ccccc2)n1",0
"C#CC[N+](C)(C)CCCCCCCCC",0
"N#CCP(=S)(c1ccccc1)c1ccccc1",0
"c1ccc2c(c1)ccc1ncccc12",0
"Nc1nnc(-c2ccccc2)s1",0
"c1ccc(CSc2ncccn2)cc1",0
"c1nc(SCCCCSc2nc[nH]n2)n[nH]1",0
"Nc1ccc(Nc2ccccc2N)cc1",0
"Nc1ccc2ncccc2c1N",0
"Nc1cc(N)c(OCC(F)(F)F)cc1OCC(F)(F)F",0
"c1ccc(-c2nc[nH]c2-c2ccccc2)cc1",0
"Fc1ccc(-c2c[nH]cn2)cc1",0
"CC(C)(C#N)Nn1cnnc1",0
"c1ccc2oc(CCc3nc4ccccc4o3)nc2c1",0
"[NH3+]CCSCCc1ccccc1",0
"c1ccc2c(Cc3c[nH]c4ccccc34)c[nH]c2c1",0
"c1ccc2c(Cc3c[nH]c4ccccc34)c[nH]c2c1",0
"c1ccc2c(Cc3c[nH]c4ccccc34)c[nH]c2c1",0
"c1ccc2c(Cc3c[nH]c4ccccc34)c[nH]c2c1",0
"N#CCCCC[NH+]1CCCC1",0
"Clc1ccc(-c2cc[nH]n2)cc1",0
"c1ccc(Cc2cc[n+](Cc3ccccc3)cc2)cc1",0
"c1ccc(C(c2ccccn2)c2ccccn2)cc1",0
"CC1CCCC(/C=N/c2ccc(O)cc2)=C1O",1
"O=C(/C=C/c1cccc(Br)c1)NCC1CCCCC1",1
"CC1CCc2c(sc(N)c2C(=O)OC(C)C)C1",1
"Cc1ccc2occ(C3[NH2+][C@H](C(=O)[O-])CS3)c(=O)c2c1",1
"COc1ccc(CCCC(=O)NC2CCCCC2C)c(C)c1",1
"COc1ccccc1/C=N/N1C(=O)C2C3C=CC(CC3)C2C1=O",1
"CCOC(=O)C1CCCN(S(=O)(=O)c2ccc(NC(C)=O)cc2)C1",1
"Cc1cc(C=O)c(C)n1C1CC1",1
"CCOC(=O)C1=C(CBr)NC(=O)NC1C",1
"CC1CC(C)CN(C(=O)/C=C/c2ccc([N+](=O)[O-])s2)C1",1
"CC1CCCC(NC(=O)CCC(=O)c2ccc(F)cc2)C1C",1
"CCOC(=O)C1CCCN(S(=O)(=O)c2ccc(C)cc2)C1",1
"C=C1C(=O)O[C@H]2[C@H]1CC/C(C)=C\CC[C@@]1(C)O[C@H]21",1
"C=C1C(=O)O[C@H]2[C@H]1CC/C(C)=C/CC[C@@]1(C)O[C@H]21",1
"CCOC(=O)c1c(N)sc2c1CCC1C(=O)N(C3CCCCC3)C(=O)C21",1
"COc1ccccc1C(=O)O/N=C(/C)c1ccc(N2C(=O)C3CCCCC3C2=O)cc1",1
"CC(=O)Nc1ccc(N2C(=O)CC([NH+]3CC(C)OC(C)C3)C2=O)cc1",1
"CC1=C(C)CC(C(=O)N2CC[NH+](Cc3ccccc3)CC2)C(C(=O)[O-])C1",1
"Cc1ccc(C2CC2C(=O)NNC(=S)Nc2cccc(C)c2)cc1",1
"Cc1ccc(NC(=O)/C=C\C(=O)NCC(=O)[O-])cc1C",1
"Cc1ccccc1N1CCN(c2ccc(NC(=O)/C=C\C(=O)[O-])cc2)CC1",1
"COc1ccc(/C=N/N2C(=O)C3C4C=CC(CC4)C3C2=O)c(OC)c1",1
"CCN(CC)C(=O)C1=C(C)[NH+]=C(S)NC1c1ccc(C)s1",1
"CCOC(=O)C1CCCN(S(=O)(=O)c2ccc(Br)c(OC)c2)C1",1
"Cc1n[nH]c(SCC(=O)N2CCC(C)CC2)c1[N+](=O)[O-]",1
"Cc1ccc(N2C(=O)CC(Sc3ccccc3C(=O)[O-])C2=O)cc1",1
"CC(C)C(/N=C/C1=C([O-])OC(C)(C)OC1=O)C(=O)[O-]",1
"Cc1ccc(S(=O)(=O)CCC(=O)[O-])cc1C",1
"COc1ccc(C(=O)[C@H](Br)[C@H](Br)C(=O)[O-])cc1",1
"CCOC(=O)C1CCCN(S(=O)(=O)c2ccc(OC)cc2)C1",1
"CCOC(=O)c1c(NC(=O)CCC(=O)[O-])sc2c1CCCCC2",1
"CC1CCCC(NC(=O)COC(=O)CC2CCCC2)C1C",1
"Cc1ccc(C(=O)c2no[n+]([O-])c2C(=O)c2ccc(C)cc2)cc1",1
"CC1CCN(c2ccc(C=O)o2)CC1",1
"Cc1cc(C)cc(NS(=O)(=O)c2ccc3ncc(C(=O)N4CCc5ccccc54)c(O)c3c2)c1",1
"CCOC(=O)N1CCC([NH+]2CCN(S(=O)(=O)c3ccc(Cl)cc3)CC2)CC1",1
"CC1CCCC(NC(=O)COC(=O)COc2ccc(Cl)cc2)C1C",1
"CC(=O)N1CCC(=NNS(=O)(=O)c2ccc(C)c([N+](=O)[O-])c2)CC1",1
"O=C(/C=C/c1ccc(O)c(O)c1)OC1C[C@](O)(C(=O)[O-])C[C@@H](O)[C@H]1O",1
"Cc1ccc2nc(C)c(C(=O)NN=C3CC[NH+](C)CC3)n2c1",1
"C/C(=N\NC(=O)c1ccccc1-n1cccc1)C1CC1",1
"O=C(/C=C/c1ccccc1[N+](=O)[O-])NC1CCCC1",1
"CC1CC[NH+](CC(=O)c2ccc3c(c2)OCCO3)CC1",1
"COC(=O)C1C(=O)C2=C(CC1C)N=C(C)/C(=C(/O)OC1CCCCC1)C2c1ccc(N(C)C)cc1",1
"Cc1cccc(NC(=O)c2cc(NC(=O)C3CCCCC3C(=O)[O-])ccc2N2CCCCC2)c1",1
"CC(=O)N1CCCc2cc(S(=O)(=O)NC(C(=O)NC3CCCCC3)C(C)C)ccc21",1
"Cc1onc(-c2c(F)cccc2Cl)c1C(=O)NC(=S)NC1CCSC1=O",1
"Cc1sc2ncnc(SCC(=O)N3CCCC3=O)c2c1C",1
"Cc1nccc2nc(O)c(C(=O)NC3CCCCC3C)cc12",1
"CCCC(C)NC(=O)c1ccc2[nH]c3c(c2c1)CC(C)CC3",1
"CCCCn1c([S-])nnc1-c1csc2c1CCC(C)C2",1
"Cc1ccc(N2C(=O)CC(Sc3ccccc3C(=O)[O-])C2=O)cc1C",1
"Cc1ccn2c(C(=O)NN=C3CC[NH+](C)CC3)c(C)nc2c1",1
"CC1CCN(C(=O)c2ccc3c(Cl)c4c(nc3c2)CCCC4)CC1",1
"CC[NH+]1CCC(=NNC(=O)CC23CC4CC(CC(C4)C2)C3)CC1",1
"CCOC(=O)COc1ccccc1/C=C\[N+](=O)[O-]",1
"COc1cccc(=O)c2c(C)n(-c3ccc(C(=O)[O-])cc3)c(C)c12",1
"Cc1ccc(NC(=O)CNC2CCS(=O)(=O)C2)cc1C",1
"CC(=O)c1ccc(NC(=S)NNC(=O)NC2CCCCC2)cc1",1
"CC1=NN(c2ccc(C(=O)[O-])cc2)C(=O)/C1=C\c1ccc(OC(=O)c2cccs2)cc1",1
"C/C(Cc1ccccc1)=N\NC(=O)CCCCCC(=O)N/N=C(\C)Cc1ccccc1",1
"O=C([O-])c1ccc(N2Cc3ccccc3C2)cc1O",1
"Cc1ccc(S(=O)(=O)CC(=O)c2cc(C)c(O)c(C)c2)cc1",1
"CC1=C(C(=O)Nc2cc(C)ccc2C)C(c2cccs2)NC(S)=[NH+]1",1
"O=C([O-])CC/C(=N/NC(=O)c1cn(-c2ccccc2)nc1-c1ccccc1)C(=O)[O-]",1
"CC(=O)Oc1ccc(N2C(=O)C3C(C2=O)C2C=CC3C23CC3)cc1[N+](=O)[O-]",1
"COc1cc(/C=C/[N+](=O)[O-])ccc1OCc1cccc(C(=O)[O-])c1",1
"CC1CCCC(NS(=O)(=O)c2ccc3c(c2)OCCO3)C1C",1
"Cc1cc(C(=O)OCC(=O)N2CC(C)CC(C)C2)c(C)o1",1
"CC1CC[NH+](CCC(=O)N2CCCc3c2c(=O)oc2ccc(O)cc32)CC1",1
"CC(=O)Oc1cccc(N2C(=O)C3C(C2=O)C2C=CC3C23CC3)c1",1
"CCOC(=O)c1c(C)oc2c1c1c(c3ccccc32)OC[NH+](CCCC(=O)[O-])C1",1
"COCCCNC(=O)CN(C1CCCCC1)S(=O)(=O)c1ccc(C)cc1",1
"CC(C)Sc1nnc(NC(=O)C2CC2)s1",1
"CC(=O)c1cccc(NC(=O)C2CCCCC2)c1",1
"CCOC(=O)CN(C#N)c1nc(N(C)C)nc(N(C)C)n1",1
"CC1CCC(NC(=O)N(CCCl)N=O)CC1",1
"COC(=O)c1cc(S(=O)(=O)N2CCC(C)CC2)ccc1F",1
"COC(=O)c1cccc(NC(=O)C2C3CCC(C3)C2C(=O)[O-])c1",1
"CC(=O)c1nc(N2C(=O)C3CC=C(C)CC3C2=O)sc1C",1
"CCCCN(CCCC)C(=O)/C=C/c1cccc([N+](=O)[O-])c1",1
"CC1CCCN(C(=O)CCl)C1",1
"CC(=O)C1=C(C)NC(SCC(=O)c2ccccc2)=C(C#N)C1CC(C)C",1
"CCCCC(=O)Nc1sc2c(c1C(=O)OCC)CCC(C=O)=C2Cl",1
"CC1=C(C(=O)OC2CCCC2)C(c2ccc(C)o2)C2=C(O)CC(c3cccs3)CC2=N1",1
"COC(=O)C1=C(COc2ccc(C=O)cc2OC)NC(=O)NC1c1cc(C)ccc1C",1
"CCOC(=O)C1=C(C)NC(=S)NC1c1cccc(O)c1",1
"CCOC(=O)c1c(NC=C2C(=O)CC(C)(C)CC2=O)sc(C)c1C",1
"Cc1ccccc1Oc1ccc(NC(=O)C2CC=CCC2C(=O)[O-])cc1",1
"CCC(Oc1ccccc1)C(=O)NC1CCSC1=O",1
"Cc1cc(C=C2C(=O)c3ccccc3C2=O)c(C)n1-c1ccc(C(=O)[O-])cc1",1
"Cc1ccc(C(=O)/C=C\C(=O)c2ccc(C)cc2)cc1",1
"CSCCC(NS(=O)(=O)/C=C/c1ccccc1)C(=O)N1CCC(C)CC1",1
"C/C(=C\c1ccco1)C1Nc2cccc3cccc(c23)N1",1
"CC(=O)Oc1ccc(N2C(=O)C3C4C=CC(O4)C3C2=O)cc1",1
"Cc1nn(-c2ccccc2)c2sc(C(=O)N3CCCCC3)cc12",1
"CC(=O)c1cc(C#N)c(SCC(=O)OC(C)(C)C)nc1C",1
"COC(=O)N(c1ccc(OC)cc1)P1(=S)OCCC(C)O1",1
"CCCN(CCC)S(=O)(=O)c1ccc2c(c1)CCCN2C(C)=O",1
"C=CC[NH+]=C1SC(CC)C(=O)N1S(=O)(=O)c1ccc(C)cc1",1
"COC1=CC(=O)O[C@@H](/C=C/c2ccc3c(c2)OCO3)C1",1
"CC(C)(C)C1CCC(=NNC(=O)c2ccccc2-n2cccc2)CC1",1
"COc1cc(C(=O)N/N=C/C2CC=CCC2)cc(OC)c1OC",1
"Cc1nn(-c2ccccc2)c(Cl)c1C(=O)Nc1nnc(C2CCCCC2)s1",1
"CCOC(=O)c1c(O)[nH+]c2ccccc2c1NCC1CCCO1",1
"C/C(CC(=O)N1CCN(C=O)CC1)=N\NC(=O)c1cccc([N+](=O)[O-])c1",1
"CCN(C(=O)COC(=O)/C=C/c1ccc(S(=O)(=O)N2CCc3ccccc32)cc1)C1CCS(=O)(=O)C1",1
"O=Cc1ccc(C(=O)[O-])cc1",1
"C/C=C\C1=C(CO)C(=O)[C@@H]2O[C@@H]2C1=O",1
"COC(=O)c1cc(NC(=O)C2CC=CCC2C(=O)[O-])cc(C(=O)OC)c1",1
"O=C([O-])CCC(=O)N1CCN(c2cccc(Cl)c2)CC1",1
"Cc1ccc(/N=C/c2cc(C)n(C3CCCC3)c2C)cc1",1
"O=C(/C=C/c1ccccc1)c1cc(Br)ccc(=O)c1[O-]",1
"Cc1ccc(NC(=O)N/C=C/c2ccco2)cc1",1
"CC(=O)c1cccc(S(=O)(=O)NC2CCCCCC2)c1",1
"Cc1onc(C(=O)N2CCOCC2)c1[N+](=O)[O-]",1
"O=C([O-])/C=C\C(=O)Nc1ccc(N2CCN(c3ccc(F)cc3)CC2)cc1",1
"O=C([O-])/C=C\C(=O)Nc1ccc(N2CCN(c3ccc(Cl)cc3)CC2)cc1",1
"Cc1ccc(NC(=O)c2csc3c2CCCC3)cc1",1
"CCOC(=O)c1sc(NC(=O)C2CC=CCC2C(=O)[O-])nc1C",1
"C[C@H]1CCCC(=O)CCC/C=C/c2cc(O)cc([O-])c2C(=O)O1",1
"CCOC(=O)c1c(/N=C/[C-]2C(=O)CC(C)(C)CC2=O)sc(C)c1C",1
"CC(=O)c1sc(N/N=C\c2cccc(Br)c2)nc1C",1
"CCN(CC)C(=O)C1CCCN(c2ccccc2[N+](=O)[O-])C1",1
"CCCCNC(=O)C1CCC(CNS(=O)(=O)c2ccc(C)cc2)CC1",1
"CN(C)S(=O)(=O)c1ccc(C(=O)NC2CCCc3ccccc32)cc1",1
"CCCn1c2c(c([O-])c(C(=O)Nc3ncccc3O)c1=O)CCCC2",1
"COc1ccc(C2C(C(=O)NCc3ccco3)CCC(=O)N2c2ccc(OC)cc2)cc1",1
"C[NH+]1CCN(c2ccc([N+](=O)[O-])cc2/C=N/NC(=O)c2cccc([N+](=O)[O-])c2)CC1",1
"CCOC(=O)C1C(=O)C=C(c2ccc(C)cc2)CC1c1cccc([N+](=O)[O-])c1",1
"COC(=O)c1ccccc1-c1ccc(C2NC(=S)N=C(C)/C2=C(/O)OC)o1",1
"CCCn1c(N)c(-c2nc(C3CC3)c(C(=O)c3ccc(C(C)CC)cc3)s2)c(=O)n(C)c1=O",1
"Cc1cc(C)c(C#N)c(SCC(=O)N(C)C2CCCCC2)n1",1
"CCOc1ccc(NC(=O)C2CCC(N3C(=O)C4CC=CCC4C3=O)CC2)cc1",1
"Cc1noc(/C=C/[NH+](C)C)c1S(=O)(=O)N1CCCC(C(=O)NC(C)c2ccccc2)C1",1
"CCOCCCNS(=O)(=O)c1cc(Br)cc2c1N(C(=O)C1CC1)CC2",1
"Cc1cc(O)c(C(=O)c2ccccc2C(=O)[O-])cc1C",1
"CC/N=c1/ccc(Br)cc(C(=O)/C=C/c2c(Cl)cccc2Cl)c1O",1
"Cc1cc(N2CCC(C)CC2)nc(SCC(=O)c2ccccc2)n1",1
"COc1ccc(C(=O)C2CCN(C(=O)c3ccc(C)cc3)CC2)cc1",1
"CC(=O)N1CCC(=NNS(=O)(=O)c2cccc([N+](=O)[O-])c2)CC1",1
"Cc1ccc(C(=O)N/N=C/c2cc(C)n(-c3ccc(Br)cc3)c2C)cc1[N+](=O)[O-]",1
"Cc1c(Br)ccc(NC(=O)CCN2C(=O)C3C4CCC(C4)C3C2=O)c1C",1
"COc1ccc(NC(=O)c2cc3c(s2)CCC(C)C3)cc1S(=O)(=O)N1CCOCC1",1
"Cc1ccc(C(=O)NC(=S)NCC2CCCO2)cc1Br",1
"C/C(CC(=O)NC(C)(C)C)=N\NC(=O)COc1ccc(C)cc1Br",1
"CC(=O)C(=NNc1cc(C)ccc1O)C(C)=O",1
"CCCN1C(=O)C(O)(C2COC(C)(C)CC2=O)c2ccccc21",1
"COc1ccc(/C=N/NC(=O)CNc2c(Br)cc(C)cc2Br)c(C(=O)[O-])c1OC",1
"CC1CCC[NH+](CC(=O)c2ccc(Cl)c(Cl)c2)C1",1
"CC(C)C[C@@H]1NC(=O)[C@H](C(C)C)NC(=O)c2cc([N+](=O)[O-])cc(I)c2NCC[C@@H](C(N)=O)NC1=O",1
"Cn1cnnc1SCC(=O)N1N=C2/C(=C/c3ccco3)CCCC2C1c1ccco1",1
"COc1cc(/C=N/NC(=O)c2sc(N)c(C#N)c2C)cc(Br)c1O",1
"C/C(Cn1nc([N+](=O)[O-])cc1C)=N\NC(=O)COc1ccccc1[N+](=O)[O-]",1
"Cc1nn(-c2ccccc2)c(Cl)c1/C=N/NC(=O)C1COc2ccccc2O1",1
"Cc1ccc(-n2nnnc2SCC(=O)NC2CCCc3ccccc32)cc1",1
"COc1ccc(CN2C(=O)c3c(c(C)n(C)c3C)C2C(=O)NC2CCC(C)CC2)cc1",1
"Cc1c(C(=O)N2CCCCC2C)sc2ncnc(N3CCc4ccccc4C3)c12",1
"CC(C)c1ccc(CN(C(=O)/C=C/c2ccco2)C2CCS(=O)(=O)C2)cc1",1
"CC(=O)c1cccc(NC(=O)N2CCCC2C(=O)Nc2c(C)cccc2C)c1",1
"CNc1ccc(Br)cc(C(=O)/C=C/c2cccc(OC)c2)c1=O",1
"Cc1ccc(C2CC2C(=O)NNC(=S)Nc2cccc(Cl)c2)cc1",1
"CCOC(=O)c1sc(NC(=O)C2C3C=CC(C3)C2C(=O)[O-])nc1C",1
"COc1ccc(C(=O)ON=C2CCN(c3ccc([N+](=O)[O-])cc3)CC2)cc1",1
"C=CCOC(=O)C1=C(C)[NH+]=C(S)NC1/C=C/c1ccccc1",1
"CN(C)c1ccc(N2C(=O)CC(Sc3ccccc3C(=O)[O-])C2=O)cc1",1
"CCN(CC)S(=O)(=O)c1ccc(C)c(NC(=S)NNC(=O)C2CC2)c1",1
"CCCN1C(=O)/C(=C/c2ccc(OCC(=O)OCC)cc2)NC1=S",1
"CC1=C(C(=O)Nc2ccccc2F)C(c2cccs2)NC(S)=[NH+]1",1
"COc1ccc(N2C(=O)C3CCCCC3C2=O)cc1NC(=O)c1ccccc1",1
"Cc1ccc(C(=O)N2CCC(Cc3ccccc3)CC2)cc1[N+](=O)[O-]",1
"COc1ccc(CNC(=O)C/C(C)=N/NC(=O)C23CC4CC(CC(C4)C2)C3)cc1",1
"C/C(=N\c1cc(C(=O)c2ccccc2)ccc1N)C1=C([O-])CC(C)(C)CC1=O",1
"CC(C)(C)c1ccc(OCC(=O)N/N=C/C2CC=CCC2)cc1",1
"Cc1ccc(C)n1-c1sc2c(c1C#N)CCC(C)C2",1
"Cc1ccc(S(=O)(=O)N=C(c2ccc(F)cc2)N2CCCCC2)cc1",1
"Cc1ccc(/C=C2/C(=O)c3ccc(C(=O)[O-])cc3C2=O)o1",1
"C/C(=N/NC(=O)c1cc(O)c(O)c(O)c1)c1ccc([N+](=O)[O-])cc1",1
"C[C@@H]1CC[C@H]2[C@@H](C)C(=O)O[C@@H]3O[C@@]4(C)CC[C@@H]1[C@]32OO4",1
"CC(=O)C(=Cc1ccc(O)cc1)C(C)=O",1
"CC1CCCC(NC(=O)COC(=O)c2cc(S(=O)(=O)N3CCCCC3)ccc2N2CCOCC2)C1C",1
"CS(=O)(=O)c1ccc(Cn2c3c(c4cc(F)cc(F)c42)CCC[C@H]3CC(=O)[O-])cc1",1
"CCOC(=O)c1ccc(N2C(=O)CC([NH+]3CCC(O)(c4ccc(Br)cc4)CC3)C2=O)cc1",1
"Cc1ccc(S(=O)(=O)N2CC[NH+](CC(=O)NC3CCCc4ccccc43)CC2)cc1C",1
"CCN1C(=O)C(O)(C2COC(C)(C)CC2=O)c2cc(Br)ccc21",1
"CCOC(=O)N1CCN(C(=O)CN(C2CCCCC2)S(=O)(=O)c2ccc(C)cc2)CC1",1
"CCOc1ccccc1/N=C/C1=C([O-])OC2(CCCCC2)OC1=O",1
"COc1ccc(CNC(=O)C2=C(C)C(=O)OC23CCC(C)CC3)cc1",1
"O=C(/C=C/c1ccc(Cl)cc1)N(Cc1ccccc1)C1CCS(=O)(=O)C1",1
"O=C(/C=C/c1ccccc1Cl)N(Cc1ccccc1)C1CCS(=O)(=O)C1",1
"O=C([O-])c1cc(N/N=C/c2ccc(N3CCOCC3)s2)ccc1Cl",1
"Cc1ccc2[nH]c(C(=O)NN=C3CCCCC3)c(-c3ccccc3)c2c1",1
"Cc1cc(C(=O)N/N=C/C=C/c2ccccc2[N+](=O)[O-])c(C)o1",1
"Cc1cc2cc(CNC(=O)CCC(=O)[O-])ccc2[nH]1",1
"CC(=O)Oc1cccc(N2C(=O)C3C4C=CC(C4=C(C)C)C3C2=O)c1",1
"CCc1ccc(C(=O)/C=C/c2ccc([N+](=O)[O-])o2)cc1",1
"COC(=O)C1=C(C)C(c2ccc(OC)cc2)NC(S)=[NH+]1",1
"C/C(=N\NC(=S)NC1CCCCC1)c1ccc(C)o1",1
"COc1cc(/C=C/C(=O)CC(=O)/C=C/c2ccc(O)c(OC)c2)ccc1O",1
"Cc1ccc(N2C(=O)CC(N([O-])C3CC(=O)N(c4ccc(C)cc4)C3=O)C2=O)cc1",1
"O=C(CN1C(=O)CCC1=O)Nc1ccc(Br)cc1",1
"Cc1c(/C=C2\CCC/C(=C\c3cnn(C)c3C)C2=O)cnn1C",1
"CCN(CC)C(=O)C1CCCN(c2ccc([N+](=O)[O-])cc2/C=N/NC(=O)c2cccc(O)c2)C1",1
"Cc1ccc(S(=O)(=O)NCC(=O)N(CC(=O)NC2CCCCC2)Cc2ccco2)cc1",1
"Cc1cccc(NC(=O)c2cc(NC(=O)C3CC=CCC3C(=O)[O-])ccc2N2CCOCC2)c1",1
"CCOc1ccc(-n2c(N)c(C(=O)NCC3CCCO3)sc2=S)cc1",1
"Cc1cc(C)n(-c2cc(N3CCN(C(=O)c4cccc(F)c4)CC3)ccc2[N+](=O)[O-])n1",1
"Cc1ccc(NC(=O)c2ccc(NCC3CCCO3)c([N+](=O)[O-])c2)cc1Cl",1
"CCOC(=O)C1=C(c2ccccc2)[NH+]=C(S)NC1c1ccc(Cl)c([N+](=O)[O-])c1",1
"[NH3+][C@H]1[C@@H](C(=O)[O-])[C@H]2C=C[C@H]1C2",1
"CCOC(=O)C1CCCN(c2nnnn2-c2ccccc2)C1",1
"COc1ccc(S(=O)(=O)n2nc(OC(=O)C3CCCCC3)cc2N)cc1",1
"Cc1ccc(S(=O)(=O)N2CCCC2C(=O)OCc2ccco2)cc1",1
"CCOC(=O)c1c(N2C(=O)C3C4C=CC(O4)C3C2=O)sc2c1CCCC2",1
"CC1CCCN(C(=O)c2sc3cc([N+](=O)[O-])ccc3c2Cl)C1",1
"COc1cc(/C=N/NC(=S)Nc2cccc(C(=O)[O-])c2)cc(OC)c1OC",1
"CCOC(=O)C1=C(C)C(c2cccc(Oc3ccccc3)c2)NC(S)=[NH+]1",1
"COc1ccc(C(=O)Nc2sc3c(c2C(=O)[O-])CC(C)(C)OC3)cc1",1
"COc1ccc(C(=O)C2CCC[NH+](C3CSCCSC3)C2)c(OC)c1",1
"Cc1ccc(S(=O)(=O)NCC2CCC(C(=O)NCc3cccs3)CC2)cc1",1
"CC1(C)CC(=O)C(=CNc2cc(/N=C/C3=C([O-])CC(C)(C)CC3=O)ccc2O)C(=O)C1",1
"Cc1cc(C2C(=O)[CH-]C(=O)CC2c2ccccc2)on1",1
"CC(=O)C1C(=O)C=C(c2ccco2)CC1c1ccccc1",1
"O=C([O-])CSC1CC(=O)N(c2cccc(Cl)c2)C1=O",1
"CC(C)(C)NC(=O)c1ccc2c(c1)C(=O)N(C1CCCCC1)C2=O",1
"C[C@]12CN3C[C@](C)(C[NH+](C1)[C@H]3c1cc(Br)ccc1O)C2=O",1
"CCOC(=O)c1ccc2c(c1)C(=O)N(C1CCCCC1)C2=O",1
"CC(C)C[C@@H](NC(=O)OCC1c2ccccc2-c2ccccc21)C(=O)[O-]",1
"COC(=O)C1=C(C)N(Cc2ccccc2)C(=O)N[C@H]1c1ccccc1",1
"O=C1/C(=C/c2ccc(N3CCCC3)cc2)NC(=S)N1C1CC1",1
"CN(C)c1ccc(/C=N\NC(=O)c2csnn2)cc1",1
"COc1cccc(/C=N/Nc2ccc(S(=O)(=O)[O-])cc2)c1O",1
"CC(C)CC(NC(=O)OCC1c2ccccc2-c2ccccc21)C(=O)[O-]",1
"CO/C(O)=C1\C(C)=NC2=C(C(=O)c3ccccc32)C1c1ccc(-c2ccc(C(=O)[O-])cc2)o1",1
"Cc1ccccc1-n1c(C)cc(/C=C(\C#N)C(=O)NCC2CCCO2)c1C",1
"O=C1C2C3C=CC(C3=C3CCCCC3)C2C(=O)N1c1ccccc1",1
"Cc1ccc(-n2c(N)c(C(N)=O)sc2=S)cc1",1
"Cc1cc(C(C)(C)C)cc(S(=O)(=O)NCC(=O)[O-])c1C",1
"COC(=O)c1c(-c2ccco2)csc1NC(=O)C1CC=CCC1C(=O)[O-]",1
"CCOC(=O)c1c(NC(=O)C2CCCO2)sc(C(=O)OC(C)(C)C)c1C",1
"CCOC(=O)c1[nH]nc(-c2cc(CC)c(O)cc2O)c1-c1cscn1",1
"C/C(Cn1nc([N+](=O)[O-])cc1C)=N\NC(=O)c1ccccc1Cl",1
"CC(=O)O[C@H]1[C@@]2(O)OC(=O)C(C)=C2[C@H]2OC(=O)[C@@]3(CC[C@@H]4O[C@@]41C)O[C@@H]23",1
"Cc1ccc(CCNC(=O)C2CCN(S(=O)(=O)N3CCCC3)CC2)cc1",1
"Nc1sc2c(c1C(=O)NC1CCS(=O)(=O)C1)CCCC2",1
"CCN(CC)C(=O)CN(c1ccc(C)cc1)S(=O)(=O)c1ccc(SC)cc1",1
"COC(=O)c1c(NC(=O)C2CCCO2)sc2c1CCC2",1
"O=C(c1cccc(F)c1)N1CCC([NH+]2CCOCC2)CC1",1
"Cc1nnn(C23CC4CC(CC(C(=O)NN)(C4)C2)C3)n1",1
"Cc1c(/N=C/c2ccc(O)c(Br)c2)cccc1[N+](=O)[O-]",1
"Cc1cccc(N2CCN(C(=S)c3ccc([N+](=O)[O-])cc3)CC2)c1",1
"CC(=O)c1ccc(NC(=S)N2c3ccccc3CC2C)cc1",1
"Cc1oc(-c2ccc3c(c2)OCCO3)cc1C(=O)NC(CCC(=O)[O-])C(=O)[O-]",1
"CCOC(=O)C([NH3+])CSC1CC(=O)N(c2ccc(C(=O)OC)cc2)C1=O",1
"O=C(CN1C(=O)C2CC=CCC2C1=O)Nc1ccc(-c2nnc3n2CCCCC3)cc1",1
"CC1CCCCC1NC(=O)CCS(=O)(=O)c1cccc2nonc12",1
"CC1CCCCC1NC(=O)C1CCN(C(=O)c2sccc2-n2cccc2)CC1",1
"O=C(COc1ccc(S(=O)(=O)NC2CCCCC2)cc1)NCCC1=CCCCC1",1
"Cc1oc(-c2ccccc2Cl)nc1CSCC(=O)NC1CCCC1",1
"Cc1cc(C(=O)COC(=O)C2=NNC(=O)CC2)c(C)n1-c1ccccc1",1
"C=C(C)CNC(=S)Nc1nc2c(cc1C(=O)OCC)CCCC2",1
"CC(=O)N1CC[NH+](CC(=O)c2ccc(Br)cc2)CC1",1
"Cc1ccc(S(=O)(=O)NCC2CCC(C(=O)NCc3ccccn3)CC2)cc1",1
"CCOc1cc(/C=N/N2C(=O)NC3(CCCCC3)C2=O)cc(Br)c1O",1
"Cc1ccc(C(C(=O)NC2CCCC2)N(Cc2ccc(F)cc2)C(=O)c2csnn2)o1",1
"COc1cccc(-n2c(SCC(=O)NC3CCCCC3)nc3nnc(C)c-3c2N)c1",1
"CCCCN(Cc1ccccc1)C(=O)C1CCCN(S(=O)(=O)c2c[nH]cn2)C1",1
"CCOC(=O)C1CCCN(S(=O)(=O)c2cc(OCC(=O)NC3CCCCC3)c(C)cc2Cl)C1",1
"CC(/C=C/c1ccc(N(C)C)cc1)=N/NC1=[NH+]C(=O)CC(C(=O)Nc2ccc(Cl)cc2)S1",1
"Cc1ccc(-c2cn(-c3ccccc3)c(SCC(=O)NC3CCS(=O)(=O)C3)[nH+]2)cc1C",1
"Cc1ccc(NC(=O)CN2C(=O)S/C(=C\c3cc(C)n(-c4cccc(C(=O)[O-])c4)c3C)C2=O)cc1",1
"CC(C)(C)C1CCc2onc(C(=O)N3CCOCC3)c2C1",1
"CCOC(=O)c1sc(=S)n(-c2cccc(OC)c2)c1N",1
"O=C([O-])c1ccccc1SC1CC(=O)N(C2CCCCC2)C1=O",1
"CCOC(=O)C1=C(C)C(c2ccc(OC)cc2)NC(S)=[NH+]1",1
"CC(SCc1ccccc1)C(=O)NN=C1CC[NH+](C)CC1",1
"CC(=O)N/C(=C\c1ccccc1)C(=O)OCC(=O)N1CCCCCC1",1
"CCO/C(O)=C1\C(C)=NC(=S)NC1c1ccsc1",1
"CC(C)c1ccc(/C=C/C(=O)NCc2ccc(S(N)(=O)=O)cc2)cc1",1
"CC1CCCC/C1=N\NC(=S)NCCc1ccccc1",1
"O=C([O-])c1nnsc1-c1ccc(-c2snnc2C(=O)[O-])cc1",1
"CC(=O)N1CCCc2cc(S(=O)(=O)NCCC3=CCCCC3)ccc21",1
"CCOC(=O)CN1C(=O)C(O)(C2CCc3ccccc3C2=O)c2ccccc21",1
"CCOC(=O)c1cc(C(C)(C)C)oc1CNC(=O)c1c(C)oc2c1CCCC2",1
"CCOC(=O)N1CCC(=NNS(=O)(=O)c2cccc([N+](=O)[O-])c2)CC1",1
"CCOC(=O)c1c(-c2ccc(OC)cc2)csc1NC=C1C(=O)CCCC1=O",1
"COc1ccccc1C(=O)/C=C/c1ccc(N2CCCCC2)c([N+](=O)[O-])c1",1
"CCOc1ccccc1NC(=O)C1=C(C)[NH+]=C(S)NC1c1cccs1",1
"CCOC(=O)C1CCN(C(=O)COc2ccc(S(=O)(=O)N3CCCC3)cc2C)CC1",1
"Cc1c(C(=O)[O-])cccc1-c1ccc(/C=C2/NC(=O)N(c3ccccc3)C2=O)o1",1
"CCOC(=O)C1(C)C(N=Nc2ccc(S(N)(=O)=O)cc2)=C(O)C(=O)N1c1ccccc1",1
"CC1CCN(C(=O)COc2cccc3c2CCN(Cc2ccccc2)C3=O)CC1",1
"CC1=C(C(=O)Nc2ccccc2C(F)(F)F)C(c2ccc(C)s2)NC(S)=[NH+]1",1
"Cc1cc(C(=O)N/N=C(\CCC(=O)[O-])c2cccs2)c2ccccc2n1",1
"O=C(/C=C(\c1ccc(Cl)cc1)n1cncn1)c1ccc(Cl)cc1",1
"C/C(=N\NC(=S)Nc1ccc(F)cc1)C1CC1",1
"COC(=O)c1c(NC(C)=O)sc2c1CCCCC2",1
"O=C(CCl)NC1CCCc2ccccc21",1
"COc1ccc(-n2c(SCC(=O)N3CCCCC3C)nnc2-c2cccnc2)cc1",1
"COc1ccc(NC(=O)C2CCC(N3C(=O)C4C5C=CC(C5)C4C3=O)CC2)cc1",1
